name,last_name,email,age,position,login_time
John,Doe,johndoe@example.com,30,Manager,2024-02-27 10:15:00
Jane,Smith,janesmith@example.com,25,Developer,2024-02-27 10:16:00
Michael,Johnson,michaeljohnson@example.com,35,Designer,2024-02-27 10:17:00
Emily,Williams,emilywilliams@example.com,28,Engineer,2024-02-27 10:18:00
William,Brown,williambrown@example.com,40,Analyst,2024-02-27 10:19:00
Jessica,Davis,jessicadavis@example.com,32,Project Manager,2024-02-27 10:20:00
David,Miller,davidmiller@example.com,27,Software Engineer,2024-02-27 10:21:00
Jennifer,Wilson,jenniferwilson@example.com,29,Data Scientist,2024-02-27 10:22:00
Daniel,Moore,danielmoore@example.com,33,Team Lead,2024-02-27 10:23:00
Lisa,Taylor,lisataylor@example.com,26,UI/UX Designer,2024-02-27 10:24:00
Kevin,Anderson,kevinanderson@example.com,31,Product Manager,2024-02-27 10:25:00
Sarah,Thomas,sarahthomas@example.com,34,QA Engineer,2024-02-27 10:26:00
Robert,Jackson,robertjackson@example.com,36,Technical Lead,2024-02-27 10:27:00
Karen,Harris,karenharris@example.com,29,System Administrator,2024-02-27 10:28:00
Christopher,Martin,christophermartin@example.com,37,Solutions Architect,2024-02-27 10:29:00
Amanda,White,amandawhite@example.com,28,Software Developer,2024-02-27 10:30:00
Mark,Clark,markclark@example.com,39,Database Administrator,2024-02-27 10:31:00
Laura,King,lauraking@example.com,32,Scrum Master,2024-02-27 10:32:00
Ryan,Hill,ryanhill@example.com,30,DevOps Engineer,2024-02-27 10:33:00
Elizabeth,Lewis,elizabethlewis@example.com,31,Network Engineer,2024-02-27 10:34:00